Model,Hyperparameters,TrainFT_MSE,TrainFT_MAE,TrainFT_RMSE,TrainFT_R2 Score,TrainFT_Adj R2
LinearRegression,{'regressor': LinearRegression()},1.568812570442878e-19,2.786196776369057e-10,3.9402682602219987e-10,1.0,1.0
Ridge,"{'regressor': Ridge(), 'alpha': 0.1}",18.542769354531778,2.5976481264641165,4.304296777989842,0.9999999998642783,0.9999999998641014
Ridge,"{'regressor': Ridge(), 'alpha': 1.0}",1853.4761327906067,25.970458310987063,43.03368809981687,0.999999986433707,0.9999999864160276
Ridge,"{'regressor': Ridge(), 'alpha': 10.0}",184549.8495105676,259.1039267089946,429.41133011223263,0.9999986492219268,0.9999986474615964
Lasso,"{'regressor': Lasso(), 'alpha': 0.1}",422.93708327959473,10.951136525839996,16.35792461348571,0.9999999969528319,0.9999999969488608
Lasso,"{'regressor': Lasso(), 'alpha': 1.0}",327.017531290143,9.22139953095218,14.066742190837266,0.999999997644915,0.9999999976418458
Lasso,"{'regressor': Lasso(), 'alpha': 10.0}",92.12968956250049,6.201333263231655,9.575570190536116,0.999999999325509,0.9999999993246298
RandomForestRegressor,"{'regressor': RandomForestRegressor(), 'max_features': 'auto', 'n_estimators': 100}",45434039.02254627,187.7650230188645,6650.189949169604,0.9996711498073129,0.9996707212511936
RandomForestRegressor,"{'regressor': RandomForestRegressor(), 'max_features': 'auto', 'n_estimators': 200}",47677426.58156036,187.9118170550715,6776.240592124863,0.9996555927154871,0.9996551438856571
RandomForestRegressor,"{'regressor': RandomForestRegressor(), 'max_features': 'sqrt', 'n_estimators': 100}",516284290.12839,7248.286303042187,22578.722584047802,0.9962477002906744,0.9962428103035229
RandomForestRegressor,"{'regressor': RandomForestRegressor(), 'max_features': 'sqrt', 'n_estimators': 200}",487329204.59040433,6733.67978684779,22013.979736824545,0.9964511555845113,0.9964465307456012
GradientBoostingRegressor,"{'regressor': GradientBoostingRegressor(), 'learning_rate': 0.05, 'n_estimators': 100}",14891964.82145004,2225.3781952576583,3857.918008672265,0.9998914058988099,0.9998912643794411
GradientBoostingRegressor,"{'regressor': GradientBoostingRegressor(), 'learning_rate': 0.05, 'n_estimators': 200}",2344869.852168273,1004.1434080515689,1530.5176096226132,0.9999829035349128,0.9999828812548612
GradientBoostingRegressor,"{'regressor': GradientBoostingRegressor(), 'learning_rate': 0.1, 'n_estimators': 100}",12245337.996894475,2325.4478937243366,3498.2886845186467,0.9999107049679035,0.9999105885989934
GradientBoostingRegressor,"{'regressor': GradientBoostingRegressor(), 'learning_rate': 0.1, 'n_estimators': 200}",8017007.546169574,1942.4349870601277,2830.191192508984,0.999941561116542,0.9999414849592524
SVR,"{'regressor': SVR(), 'C': 1, 'kernel': 'linear'}",124506005862.74031,202233.993302765,352797.9872901656,0.09174136945044284,0.09055773067329018
SVR,"{'regressor': SVR(), 'C': 1, 'kernel': 'rbf'}",145083849404.2408,222740.19046835997,380843.00298491283,-0.0584256043315909,-0.05980494007660035
SVR,"{'regressor': SVR(), 'C': 10, 'kernel': 'linear'}",50661325566.75362,113724.05964205945,225024.33456370785,0.630542370280228,0.63006089466042
SVR,"{'regressor': SVR(), 'C': 10, 'kernel': 'rbf'}",142302187539.51093,218933.75844515456,377171.8006728935,-0.03810324858877454,-0.0394561003145657
XGBRegressor,"{'regressor': XGBRegressor(base_score=None, booster=None, callbacks=None,
             colsample_bylevel=None, colsample_bynode=None,
             colsample_bytree=None, device=None, early_stopping_rounds=None,
             enable_categorical=False, eval_metric=None, feature_types=None,
             gamma=None, grow_policy=None, importance_type=None,
             interaction_constraints=None, learning_rate=None, max_bin=None,
             max_cat_threshold=None, max_cat_to_onehot=None,
             max_delta_step=None, max_depth=None, max_leaves=None,
             min_child_weight=None, missing=nan, monotone_constraints=None,
             multi_strategy=None, n_estimators=None, n_jobs=None,
             num_parallel_tree=None, random_state=None, ...), 'colsample_bytree': 0.8, 'learning_rate': 0.01, 'max_depth': 3, 'n_estimators': 100, 'subsample': 0.8}",26646442089.140553,96443.55852088463,163160.38634690957,0.8057780552355416,0.8055249460673384
XGBRegressor,"{'regressor': XGBRegressor(base_score=None, booster=None, callbacks=None,
             colsample_bylevel=None, colsample_bynode=None,
             colsample_bytree=None, device=None, early_stopping_rounds=None,
             enable_categorical=False, eval_metric=None, feature_types=None,
             gamma=None, grow_policy=None, importance_type=None,
             interaction_constraints=None, learning_rate=None, max_bin=None,
             max_cat_threshold=None, max_cat_to_onehot=None,
             max_delta_step=None, max_depth=None, max_leaves=None,
             min_child_weight=None, missing=nan, monotone_constraints=None,
             multi_strategy=None, n_estimators=None, n_jobs=None,
             num_parallel_tree=None, random_state=None, ...), 'colsample_bytree': 0.8, 'learning_rate': 0.01, 'max_depth': 3, 'n_estimators': 100, 'subsample': 1}",26581072060.15467,96455.94336128667,162960.52145164064,0.8062531860826118,0.8060006961014782
XGBRegressor,"{'regressor': XGBRegressor(base_score=None, booster=None, callbacks=None,
             colsample_bylevel=None, colsample_bynode=None,
             colsample_bytree=None, device=None, early_stopping_rounds=None,
             enable_categorical=False, eval_metric=None, feature_types=None,
             gamma=None, grow_policy=None, importance_type=None,
             interaction_constraints=None, learning_rate=None, max_bin=None,
             max_cat_threshold=None, max_cat_to_onehot=None,
             max_delta_step=None, max_depth=None, max_leaves=None,
             min_child_weight=None, missing=nan, monotone_constraints=None,
             multi_strategy=None, n_estimators=None, n_jobs=None,
             num_parallel_tree=None, random_state=None, ...), 'colsample_bytree': 0.8, 'learning_rate': 0.01, 'max_depth': 3, 'n_estimators': 200, 'subsample': 0.8}",7417837156.902983,43197.44892053167,85952.79357730065,0.9460330492061793,0.9459627197403779
XGBRegressor,"{'regressor': XGBRegressor(base_score=None, booster=None, callbacks=None,
             colsample_bylevel=None, colsample_bynode=None,
             colsample_bytree=None, device=None, early_stopping_rounds=None,
             enable_categorical=False, eval_metric=None, feature_types=None,
             gamma=None, grow_policy=None, importance_type=None,
             interaction_constraints=None, learning_rate=None, max_bin=None,
             max_cat_threshold=None, max_cat_to_onehot=None,
             max_delta_step=None, max_depth=None, max_leaves=None,
             min_child_weight=None, missing=nan, monotone_constraints=None,
             multi_strategy=None, n_estimators=None, n_jobs=None,
             num_parallel_tree=None, random_state=None, ...), 'colsample_bytree': 0.8, 'learning_rate': 0.01, 'max_depth': 3, 'n_estimators': 200, 'subsample': 1}",7423358899.625189,43145.03945710644,85977.91336535326,0.9459997073474324,0.9459293344359203
XGBRegressor,"{'regressor': XGBRegressor(base_score=None, booster=None, callbacks=None,
             colsample_bylevel=None, colsample_bynode=None,
             colsample_bytree=None, device=None, early_stopping_rounds=None,
             enable_categorical=False, eval_metric=None, feature_types=None,
             gamma=None, grow_policy=None, importance_type=None,
             interaction_constraints=None, learning_rate=None, max_bin=None,
             max_cat_threshold=None, max_cat_to_onehot=None,
             max_delta_step=None, max_depth=None, max_leaves=None,
             min_child_weight=None, missing=nan, monotone_constraints=None,
             multi_strategy=None, n_estimators=None, n_jobs=None,
             num_parallel_tree=None, random_state=None, ...), 'colsample_bytree': 0.8, 'learning_rate': 0.01, 'max_depth': 6, 'n_estimators': 100, 'subsample': 0.8}",23078443977.867504,91977.37616662736,151867.6239493577,0.8317284336526296,0.831509142891778
XGBRegressor,"{'regressor': XGBRegressor(base_score=None, booster=None, callbacks=None,
             colsample_bylevel=None, colsample_bynode=None,
             colsample_bytree=None, device=None, early_stopping_rounds=None,
             enable_categorical=False, eval_metric=None, feature_types=None,
             gamma=None, grow_policy=None, importance_type=None,
             interaction_constraints=None, learning_rate=None, max_bin=None,
             max_cat_threshold=None, max_cat_to_onehot=None,
             max_delta_step=None, max_depth=None, max_leaves=None,
             min_child_weight=None, missing=nan, monotone_constraints=None,
             multi_strategy=None, n_estimators=None, n_jobs=None,
             num_parallel_tree=None, random_state=None, ...), 'colsample_bytree': 0.8, 'learning_rate': 0.01, 'max_depth': 6, 'n_estimators': 100, 'subsample': 1}",22682784621.419144,91940.0541620882,150569.10399470682,0.8345854086075961,0.8343698410382145
XGBRegressor,"{'regressor': XGBRegressor(base_score=None, booster=None, callbacks=None,
             colsample_bylevel=None, colsample_bynode=None,
             colsample_bytree=None, device=None, early_stopping_rounds=None,
             enable_categorical=False, eval_metric=None, feature_types=None,
             gamma=None, grow_policy=None, importance_type=None,
             interaction_constraints=None, learning_rate=None, max_bin=None,
             max_cat_threshold=None, max_cat_to_onehot=None,
             max_delta_step=None, max_depth=None, max_leaves=None,
             min_child_weight=None, missing=nan, monotone_constraints=None,
             multi_strategy=None, n_estimators=None, n_jobs=None,
             num_parallel_tree=None, random_state=None, ...), 'colsample_bytree': 0.8, 'learning_rate': 0.01, 'max_depth': 6, 'n_estimators': 200, 'subsample': 0.8}",4699256471.860228,37566.44037901578,68511.41089045265,0.9657524158717417,0.965707784573306
XGBRegressor,"{'regressor': XGBRegressor(base_score=None, booster=None, callbacks=None,
             colsample_bylevel=None, colsample_bynode=None,
             colsample_bytree=None, device=None, early_stopping_rounds=None,
             enable_categorical=False, eval_metric=None, feature_types=None,
             gamma=None, grow_policy=None, importance_type=None,
             interaction_constraints=None, learning_rate=None, max_bin=None,
             max_cat_threshold=None, max_cat_to_onehot=None,
             max_delta_step=None, max_depth=None, max_leaves=None,
             min_child_weight=None, missing=nan, monotone_constraints=None,
             multi_strategy=None, n_estimators=None, n_jobs=None,
             num_parallel_tree=None, random_state=None, ...), 'colsample_bytree': 0.8, 'learning_rate': 0.01, 'max_depth': 6, 'n_estimators': 200, 'subsample': 1}",4465810811.205681,37516.4084144527,66800.82008518328,0.9674428921634656,0.9674004638869066
XGBRegressor,"{'regressor': XGBRegressor(base_score=None, booster=None, callbacks=None,
             colsample_bylevel=None, colsample_bynode=None,
             colsample_bytree=None, device=None, early_stopping_rounds=None,
             enable_categorical=False, eval_metric=None, feature_types=None,
             gamma=None, grow_policy=None, importance_type=None,
             interaction_constraints=None, learning_rate=None, max_bin=None,
             max_cat_threshold=None, max_cat_to_onehot=None,
             max_delta_step=None, max_depth=None, max_leaves=None,
             min_child_weight=None, missing=nan, monotone_constraints=None,
             multi_strategy=None, n_estimators=None, n_jobs=None,
             num_parallel_tree=None, random_state=None, ...), 'colsample_bytree': 0.8, 'learning_rate': 0.01, 'max_depth': 9, 'n_estimators': 100, 'subsample': 0.8}",22382780865.95179,90403.99339677513,149560.319357974,0.8368037045261962,0.836591027841161
XGBRegressor,"{'regressor': XGBRegressor(base_score=None, booster=None, callbacks=None,
             colsample_bylevel=None, colsample_bynode=None,
             colsample_bytree=None, device=None, early_stopping_rounds=None,
             enable_categorical=False, eval_metric=None, feature_types=None,
             gamma=None, grow_policy=None, importance_type=None,
             interaction_constraints=None, learning_rate=None, max_bin=None,
             max_cat_threshold=None, max_cat_to_onehot=None,
             max_delta_step=None, max_depth=None, max_leaves=None,
             min_child_weight=None, missing=nan, monotone_constraints=None,
             multi_strategy=None, n_estimators=None, n_jobs=None,
             num_parallel_tree=None, random_state=None, ...), 'colsample_bytree': 0.8, 'learning_rate': 0.01, 'max_depth': 9, 'n_estimators': 100, 'subsample': 1}",21905149592.685593,90277.6937313689,147964.9243728602,0.8402591642260621,0.8400509906713782
XGBRegressor,"{'regressor': XGBRegressor(base_score=None, booster=None, callbacks=None,
             colsample_bylevel=None, colsample_bynode=None,
             colsample_bytree=None, device=None, early_stopping_rounds=None,
             enable_categorical=False, eval_metric=None, feature_types=None,
             gamma=None, grow_policy=None, importance_type=None,
             interaction_constraints=None, learning_rate=None, max_bin=None,
             max_cat_threshold=None, max_cat_to_onehot=None,
             max_delta_step=None, max_depth=None, max_leaves=None,
             min_child_weight=None, missing=nan, monotone_constraints=None,
             multi_strategy=None, n_estimators=None, n_jobs=None,
             num_parallel_tree=None, random_state=None, ...), 'colsample_bytree': 0.8, 'learning_rate': 0.01, 'max_depth': 9, 'n_estimators': 200, 'subsample': 0.8}",4316546871.370199,35713.28228155761,65660.54748331613,0.9685440150665328,0.9685030217698978
XGBRegressor,"{'regressor': XGBRegressor(base_score=None, booster=None, callbacks=None,
             colsample_bylevel=None, colsample_bynode=None,
             colsample_bytree=None, device=None, early_stopping_rounds=None,
             enable_categorical=False, eval_metric=None, feature_types=None,
             gamma=None, grow_policy=None, importance_type=None,
             interaction_constraints=None, learning_rate=None, max_bin=None,
             max_cat_threshold=None, max_cat_to_onehot=None,
             max_delta_step=None, max_depth=None, max_leaves=None,
             min_child_weight=None, missing=nan, monotone_constraints=None,
             multi_strategy=None, n_estimators=None, n_jobs=None,
             num_parallel_tree=None, random_state=None, ...), 'colsample_bytree': 0.8, 'learning_rate': 0.01, 'max_depth': 9, 'n_estimators': 200, 'subsample': 1}",4015666640.364066,35579.18721273478,63344.62617905706,0.9707249098664112,0.9706867587008313
XGBRegressor,"{'regressor': XGBRegressor(base_score=None, booster=None, callbacks=None,
             colsample_bylevel=None, colsample_bynode=None,
             colsample_bytree=None, device=None, early_stopping_rounds=None,
             enable_categorical=False, eval_metric=None, feature_types=None,
             gamma=None, grow_policy=None, importance_type=None,
             interaction_constraints=None, learning_rate=None, max_bin=None,
             max_cat_threshold=None, max_cat_to_onehot=None,
             max_delta_step=None, max_depth=None, max_leaves=None,
             min_child_weight=None, missing=nan, monotone_constraints=None,
             multi_strategy=None, n_estimators=None, n_jobs=None,
             num_parallel_tree=None, random_state=None, ...), 'colsample_bytree': 0.8, 'learning_rate': 0.1, 'max_depth': 3, 'n_estimators': 100, 'subsample': 0.8}",910162341.4361789,10838.309939713548,30076.45160828756,0.9933797253541599,0.9933710978398494
XGBRegressor,"{'regressor': XGBRegressor(base_score=None, booster=None, callbacks=None,
             colsample_bylevel=None, colsample_bynode=None,
             colsample_bytree=None, device=None, early_stopping_rounds=None,
             enable_categorical=False, eval_metric=None, feature_types=None,
             gamma=None, grow_policy=None, importance_type=None,
             interaction_constraints=None, learning_rate=None, max_bin=None,
             max_cat_threshold=None, max_cat_to_onehot=None,
             max_delta_step=None, max_depth=None, max_leaves=None,
             min_child_weight=None, missing=nan, monotone_constraints=None,
             multi_strategy=None, n_estimators=None, n_jobs=None,
             num_parallel_tree=None, random_state=None, ...), 'colsample_bytree': 0.8, 'learning_rate': 0.1, 'max_depth': 3, 'n_estimators': 100, 'subsample': 1}",1107555060.1610894,10658.437134169997,33122.550524834915,0.9919492229288218,0.9919387311933644
XGBRegressor,"{'regressor': XGBRegressor(base_score=None, booster=None, callbacks=None,
             colsample_bylevel=None, colsample_bynode=None,
             colsample_bytree=None, device=None, early_stopping_rounds=None,
             enable_categorical=False, eval_metric=None, feature_types=None,
             gamma=None, grow_policy=None, importance_type=None,
             interaction_constraints=None, learning_rate=None, max_bin=None,
             max_cat_threshold=None, max_cat_to_onehot=None,
             max_delta_step=None, max_depth=None, max_leaves=None,
             min_child_weight=None, missing=nan, monotone_constraints=None,
             multi_strategy=None, n_estimators=None, n_jobs=None,
             num_parallel_tree=None, random_state=None, ...), 'colsample_bytree': 0.8, 'learning_rate': 0.1, 'max_depth': 3, 'n_estimators': 200, 'subsample': 0.8}",348631331.3088852,7135.191712818397,18632.254124230247,0.9974600180705917,0.997456707976097
XGBRegressor,"{'regressor': XGBRegressor(base_score=None, booster=None, callbacks=None,
             colsample_bylevel=None, colsample_bynode=None,
             colsample_bytree=None, device=None, early_stopping_rounds=None,
             enable_categorical=False, eval_metric=None, feature_types=None,
             gamma=None, grow_policy=None, importance_type=None,
             interaction_constraints=None, learning_rate=None, max_bin=None,
             max_cat_threshold=None, max_cat_to_onehot=None,
             max_delta_step=None, max_depth=None, max_leaves=None,
             min_child_weight=None, missing=nan, monotone_constraints=None,
             multi_strategy=None, n_estimators=None, n_jobs=None,
             num_parallel_tree=None, random_state=None, ...), 'colsample_bytree': 0.8, 'learning_rate': 0.1, 'max_depth': 3, 'n_estimators': 200, 'subsample': 1}",650327759.3429569,7319.5560445578885,25403.078220270218,0.9952674589920762,0.9952612915628668
XGBRegressor,"{'regressor': XGBRegressor(base_score=None, booster=None, callbacks=None,
             colsample_bylevel=None, colsample_bynode=None,
             colsample_bytree=None, device=None, early_stopping_rounds=None,
             enable_categorical=False, eval_metric=None, feature_types=None,
             gamma=None, grow_policy=None, importance_type=None,
             interaction_constraints=None, learning_rate=None, max_bin=None,
             max_cat_threshold=None, max_cat_to_onehot=None,
             max_delta_step=None, max_depth=None, max_leaves=None,
             min_child_weight=None, missing=nan, monotone_constraints=None,
             multi_strategy=None, n_estimators=None, n_jobs=None,
             num_parallel_tree=None, random_state=None, ...), 'colsample_bytree': 0.8, 'learning_rate': 0.1, 'max_depth': 6, 'n_estimators': 100, 'subsample': 0.8}",91798690.78203633,5464.624756541927,9577.592069113834,0.999330185171196,0.9993293122709584
XGBRegressor,"{'regressor': XGBRegressor(base_score=None, booster=None, callbacks=None,
             colsample_bylevel=None, colsample_bynode=None,
             colsample_bytree=None, device=None, early_stopping_rounds=None,
             enable_categorical=False, eval_metric=None, feature_types=None,
             gamma=None, grow_policy=None, importance_type=None,
             interaction_constraints=None, learning_rate=None, max_bin=None,
             max_cat_threshold=None, max_cat_to_onehot=None,
             max_delta_step=None, max_depth=None, max_leaves=None,
             min_child_weight=None, missing=nan, monotone_constraints=None,
             multi_strategy=None, n_estimators=None, n_jobs=None,
             num_parallel_tree=None, random_state=None, ...), 'colsample_bytree': 0.8, 'learning_rate': 0.1, 'max_depth': 6, 'n_estimators': 100, 'subsample': 1}",95961552.93210796,5182.299298446173,9792.751835514708,0.999299628244794,0.9992987155229601
XGBRegressor,"{'regressor': XGBRegressor(base_score=None, booster=None, callbacks=None,
             colsample_bylevel=None, colsample_bynode=None,
             colsample_bytree=None, device=None, early_stopping_rounds=None,
             enable_categorical=False, eval_metric=None, feature_types=None,
             gamma=None, grow_policy=None, importance_type=None,
             interaction_constraints=None, learning_rate=None, max_bin=None,
             max_cat_threshold=None, max_cat_to_onehot=None,
             max_delta_step=None, max_depth=None, max_leaves=None,
             min_child_weight=None, missing=nan, monotone_constraints=None,
             multi_strategy=None, n_estimators=None, n_jobs=None,
             num_parallel_tree=None, random_state=None, ...), 'colsample_bytree': 0.8, 'learning_rate': 0.1, 'max_depth': 6, 'n_estimators': 200, 'subsample': 0.8}",24995326.333638202,3232.7750468210484,4997.425261648437,0.9998177252244005,0.9998174876846312
XGBRegressor,"{'regressor': XGBRegressor(base_score=None, booster=None, callbacks=None,
             colsample_bylevel=None, colsample_bynode=None,
             colsample_bytree=None, device=None, early_stopping_rounds=None,
             enable_categorical=False, eval_metric=None, feature_types=None,
             gamma=None, grow_policy=None, importance_type=None,
             interaction_constraints=None, learning_rate=None, max_bin=None,
             max_cat_threshold=None, max_cat_to_onehot=None,
             max_delta_step=None, max_depth=None, max_leaves=None,
             min_child_weight=None, missing=nan, monotone_constraints=None,
             multi_strategy=None, n_estimators=None, n_jobs=None,
             num_parallel_tree=None, random_state=None, ...), 'colsample_bytree': 0.8, 'learning_rate': 0.1, 'max_depth': 6, 'n_estimators': 200, 'subsample': 1}",26797526.998184517,3076.925149349531,5174.855524889891,0.9998045195434576,0.9998042647940618
XGBRegressor,"{'regressor': XGBRegressor(base_score=None, booster=None, callbacks=None,
             colsample_bylevel=None, colsample_bynode=None,
             colsample_bytree=None, device=None, early_stopping_rounds=None,
             enable_categorical=False, eval_metric=None, feature_types=None,
             gamma=None, grow_policy=None, importance_type=None,
             interaction_constraints=None, learning_rate=None, max_bin=None,
             max_cat_threshold=None, max_cat_to_onehot=None,
             max_delta_step=None, max_depth=None, max_leaves=None,
             min_child_weight=None, missing=nan, monotone_constraints=None,
             multi_strategy=None, n_estimators=None, n_jobs=None,
             num_parallel_tree=None, random_state=None, ...), 'colsample_bytree': 0.8, 'learning_rate': 0.1, 'max_depth': 9, 'n_estimators': 100, 'subsample': 0.8}",17725574.554102153,2949.934110097457,4206.062931627339,0.9998707548990009,0.9998705864675221
XGBRegressor,"{'regressor': XGBRegressor(base_score=None, booster=None, callbacks=None,
             colsample_bylevel=None, colsample_bynode=None,
             colsample_bytree=None, device=None, early_stopping_rounds=None,
             enable_categorical=False, eval_metric=None, feature_types=None,
             gamma=None, grow_policy=None, importance_type=None,
             interaction_constraints=None, learning_rate=None, max_bin=None,
             max_cat_threshold=None, max_cat_to_onehot=None,
             max_delta_step=None, max_depth=None, max_leaves=None,
             min_child_weight=None, missing=nan, monotone_constraints=None,
             multi_strategy=None, n_estimators=None, n_jobs=None,
             num_parallel_tree=None, random_state=None, ...), 'colsample_bytree': 0.8, 'learning_rate': 0.1, 'max_depth': 9, 'n_estimators': 100, 'subsample': 1}",13588692.33401626,2664.991279510691,3685.0685154399566,0.9999009150729086,0.999900785945932
XGBRegressor,"{'regressor': XGBRegressor(base_score=None, booster=None, callbacks=None,
             colsample_bylevel=None, colsample_bynode=None,
             colsample_bytree=None, device=None, early_stopping_rounds=None,
             enable_categorical=False, eval_metric=None, feature_types=None,
             gamma=None, grow_policy=None, importance_type=None,
             interaction_constraints=None, learning_rate=None, max_bin=None,
             max_cat_threshold=None, max_cat_to_onehot=None,
             max_delta_step=None, max_depth=None, max_leaves=None,
             min_child_weight=None, missing=nan, monotone_constraints=None,
             multi_strategy=None, n_estimators=None, n_jobs=None,
             num_parallel_tree=None, random_state=None, ...), 'colsample_bytree': 0.8, 'learning_rate': 0.1, 'max_depth': 9, 'n_estimators': 200, 'subsample': 0.8}",4016290.814071248,1508.6964336155302,2003.4245465351692,0.9999706907292054,0.9999706525335228
XGBRegressor,"{'regressor': XGBRegressor(base_score=None, booster=None, callbacks=None,
             colsample_bylevel=None, colsample_bynode=None,
             colsample_bytree=None, device=None, early_stopping_rounds=None,
             enable_categorical=False, eval_metric=None, feature_types=None,
             gamma=None, grow_policy=None, importance_type=None,
             interaction_constraints=None, learning_rate=None, max_bin=None,
             max_cat_threshold=None, max_cat_to_onehot=None,
             max_delta_step=None, max_depth=None, max_leaves=None,
             min_child_weight=None, missing=nan, monotone_constraints=None,
             multi_strategy=None, n_estimators=None, n_jobs=None,
             num_parallel_tree=None, random_state=None, ...), 'colsample_bytree': 0.8, 'learning_rate': 0.1, 'max_depth': 9, 'n_estimators': 200, 'subsample': 1}",3066157.3200003197,1297.0289841102015,1750.2808973277038,0.9999776275228213,0.9999775983671373
XGBRegressor,"{'regressor': XGBRegressor(base_score=None, booster=None, callbacks=None,
             colsample_bylevel=None, colsample_bynode=None,
             colsample_bytree=None, device=None, early_stopping_rounds=None,
             enable_categorical=False, eval_metric=None, feature_types=None,
             gamma=None, grow_policy=None, importance_type=None,
             interaction_constraints=None, learning_rate=None, max_bin=None,
             max_cat_threshold=None, max_cat_to_onehot=None,
             max_delta_step=None, max_depth=None, max_leaves=None,
             min_child_weight=None, missing=nan, monotone_constraints=None,
             multi_strategy=None, n_estimators=None, n_jobs=None,
             num_parallel_tree=None, random_state=None, ...), 'colsample_bytree': 1, 'learning_rate': 0.01, 'max_depth': 3, 'n_estimators': 100, 'subsample': 0.8}",23051138437.826283,88933.54341237436,151734.398680235,0.8320278743607936,0.8318089738564833
XGBRegressor,"{'regressor': XGBRegressor(base_score=None, booster=None, callbacks=None,
             colsample_bylevel=None, colsample_bynode=None,
             colsample_bytree=None, device=None, early_stopping_rounds=None,
             enable_categorical=False, eval_metric=None, feature_types=None,
             gamma=None, grow_policy=None, importance_type=None,
             interaction_constraints=None, learning_rate=None, max_bin=None,
             max_cat_threshold=None, max_cat_to_onehot=None,
             max_delta_step=None, max_depth=None, max_leaves=None,
             min_child_weight=None, missing=nan, monotone_constraints=None,
             multi_strategy=None, n_estimators=None, n_jobs=None,
             num_parallel_tree=None, random_state=None, ...), 'colsample_bytree': 1, 'learning_rate': 0.01, 'max_depth': 3, 'n_estimators': 100, 'subsample': 1}",22960922016.366695,88877.0915726623,151437.78793516912,0.8326831843339549,0.832465137824365
XGBRegressor,"{'regressor': XGBRegressor(base_score=None, booster=None, callbacks=None,
             colsample_bylevel=None, colsample_bynode=None,
             colsample_bytree=None, device=None, early_stopping_rounds=None,
             enable_categorical=False, eval_metric=None, feature_types=None,
             gamma=None, grow_policy=None, importance_type=None,
             interaction_constraints=None, learning_rate=None, max_bin=None,
             max_cat_threshold=None, max_cat_to_onehot=None,
             max_delta_step=None, max_depth=None, max_leaves=None,
             min_child_weight=None, missing=nan, monotone_constraints=None,
             multi_strategy=None, n_estimators=None, n_jobs=None,
             num_parallel_tree=None, random_state=None, ...), 'colsample_bytree': 1, 'learning_rate': 0.01, 'max_depth': 3, 'n_estimators': 200, 'subsample': 0.8}",5753356006.7601795,34202.19725790785,75611.91539517287,0.9581803186177558,0.9581258194232373
XGBRegressor,"{'regressor': XGBRegressor(base_score=None, booster=None, callbacks=None,
             colsample_bylevel=None, colsample_bynode=None,
             colsample_bytree=None, device=None, early_stopping_rounds=None,
             enable_categorical=False, eval_metric=None, feature_types=None,
             gamma=None, grow_policy=None, importance_type=None,
             interaction_constraints=None, learning_rate=None, max_bin=None,
             max_cat_threshold=None, max_cat_to_onehot=None,
             max_delta_step=None, max_depth=None, max_leaves=None,
             min_child_weight=None, missing=nan, monotone_constraints=None,
             multi_strategy=None, n_estimators=None, n_jobs=None,
             num_parallel_tree=None, random_state=None, ...), 'colsample_bytree': 1, 'learning_rate': 0.01, 'max_depth': 3, 'n_estimators': 200, 'subsample': 1}",5755345454.224177,34191.91819465072,75618.83326810261,0.9581699370200255,0.9581154243006867
XGBRegressor,"{'regressor': XGBRegressor(base_score=None, booster=None, callbacks=None,
             colsample_bylevel=None, colsample_bynode=None,
             colsample_bytree=None, device=None, early_stopping_rounds=None,
             enable_categorical=False, eval_metric=None, feature_types=None,
             gamma=None, grow_policy=None, importance_type=None,
             interaction_constraints=None, learning_rate=None, max_bin=None,
             max_cat_threshold=None, max_cat_to_onehot=None,
             max_delta_step=None, max_depth=None, max_leaves=None,
             min_child_weight=None, missing=nan, monotone_constraints=None,
             multi_strategy=None, n_estimators=None, n_jobs=None,
             num_parallel_tree=None, random_state=None, ...), 'colsample_bytree': 1, 'learning_rate': 0.01, 'max_depth': 6, 'n_estimators': 100, 'subsample': 0.8}",20813013544.392498,86949.2502963922,144218.4008279181,0.8482540176126869,0.8480562629187773
XGBRegressor,"{'regressor': XGBRegressor(base_score=None, booster=None, callbacks=None,
             colsample_bylevel=None, colsample_bynode=None,
             colsample_bytree=None, device=None, early_stopping_rounds=None,
             enable_categorical=False, eval_metric=None, feature_types=None,
             gamma=None, grow_policy=None, importance_type=None,
             interaction_constraints=None, learning_rate=None, max_bin=None,
             max_cat_threshold=None, max_cat_to_onehot=None,
             max_delta_step=None, max_depth=None, max_leaves=None,
             min_child_weight=None, missing=nan, monotone_constraints=None,
             multi_strategy=None, n_estimators=None, n_jobs=None,
             num_parallel_tree=None, random_state=None, ...), 'colsample_bytree': 1, 'learning_rate': 0.01, 'max_depth': 6, 'n_estimators': 100, 'subsample': 1}",20464278048.30834,86885.63758642231,143013.5572262098,0.850773079112979,0.8505786072466599
XGBRegressor,"{'regressor': XGBRegressor(base_score=None, booster=None, callbacks=None,
             colsample_bylevel=None, colsample_bynode=None,
             colsample_bytree=None, device=None, early_stopping_rounds=None,
             enable_categorical=False, eval_metric=None, feature_types=None,
             gamma=None, grow_policy=None, importance_type=None,
             interaction_constraints=None, learning_rate=None, max_bin=None,
             max_cat_threshold=None, max_cat_to_onehot=None,
             max_delta_step=None, max_depth=None, max_leaves=None,
             min_child_weight=None, missing=nan, monotone_constraints=None,
             multi_strategy=None, n_estimators=None, n_jobs=None,
             num_parallel_tree=None, random_state=None, ...), 'colsample_bytree': 1, 'learning_rate': 0.01, 'max_depth': 6, 'n_estimators': 200, 'subsample': 0.8}",3777228702.565922,32251.669905198272,61413.1700383241,0.9724805854326242,0.9724447222603956
XGBRegressor,"{'regressor': XGBRegressor(base_score=None, booster=None, callbacks=None,
             colsample_bylevel=None, colsample_bynode=None,
             colsample_bytree=None, device=None, early_stopping_rounds=None,
             enable_categorical=False, eval_metric=None, feature_types=None,
             gamma=None, grow_policy=None, importance_type=None,
             interaction_constraints=None, learning_rate=None, max_bin=None,
             max_cat_threshold=None, max_cat_to_onehot=None,
             max_delta_step=None, max_depth=None, max_leaves=None,
             min_child_weight=None, missing=nan, monotone_constraints=None,
             multi_strategy=None, n_estimators=None, n_jobs=None,
             num_parallel_tree=None, random_state=None, ...), 'colsample_bytree': 1, 'learning_rate': 0.01, 'max_depth': 6, 'n_estimators': 200, 'subsample': 1}",3568903442.135895,32183.40297004914,59713.13034453734,0.9739869037552065,0.9739530036063904
XGBRegressor,"{'regressor': XGBRegressor(base_score=None, booster=None, callbacks=None,
             colsample_bylevel=None, colsample_bynode=None,
             colsample_bytree=None, device=None, early_stopping_rounds=None,
             enable_categorical=False, eval_metric=None, feature_types=None,
             gamma=None, grow_policy=None, importance_type=None,
             interaction_constraints=None, learning_rate=None, max_bin=None,
             max_cat_threshold=None, max_cat_to_onehot=None,
             max_delta_step=None, max_depth=None, max_leaves=None,
             min_child_weight=None, missing=nan, monotone_constraints=None,
             multi_strategy=None, n_estimators=None, n_jobs=None,
             num_parallel_tree=None, random_state=None, ...), 'colsample_bytree': 1, 'learning_rate': 0.01, 'max_depth': 9, 'n_estimators': 100, 'subsample': 0.8}",20804123434.915012,86936.84254558559,144187.77018183394,0.8483186743946037,0.8481210039624603
XGBRegressor,"{'regressor': XGBRegressor(base_score=None, booster=None, callbacks=None,
             colsample_bylevel=None, colsample_bynode=None,
             colsample_bytree=None, device=None, early_stopping_rounds=None,
             enable_categorical=False, eval_metric=None, feature_types=None,
             gamma=None, grow_policy=None, importance_type=None,
             interaction_constraints=None, learning_rate=None, max_bin=None,
             max_cat_threshold=None, max_cat_to_onehot=None,
             max_delta_step=None, max_depth=None, max_leaves=None,
             min_child_weight=None, missing=nan, monotone_constraints=None,
             multi_strategy=None, n_estimators=None, n_jobs=None,
             num_parallel_tree=None, random_state=None, ...), 'colsample_bytree': 1, 'learning_rate': 0.01, 'max_depth': 9, 'n_estimators': 100, 'subsample': 1}",20442904707.662296,86876.8575064651,142939.5480944446,0.8509267474661815,0.8507324758601207
XGBRegressor,"{'regressor': XGBRegressor(base_score=None, booster=None, callbacks=None,
             colsample_bylevel=None, colsample_bynode=None,
             colsample_bytree=None, device=None, early_stopping_rounds=None,
             enable_categorical=False, eval_metric=None, feature_types=None,
             gamma=None, grow_policy=None, importance_type=None,
             interaction_constraints=None, learning_rate=None, max_bin=None,
             max_cat_threshold=None, max_cat_to_onehot=None,
             max_delta_step=None, max_depth=None, max_leaves=None,
             min_child_weight=None, missing=nan, monotone_constraints=None,
             multi_strategy=None, n_estimators=None, n_jobs=None,
             num_parallel_tree=None, random_state=None, ...), 'colsample_bytree': 1, 'learning_rate': 0.01, 'max_depth': 9, 'n_estimators': 200, 'subsample': 0.8}",3721570246.5052934,32282.600942891964,60960.80534578829,0.972886088741277,0.972850754018606
XGBRegressor,"{'regressor': XGBRegressor(base_score=None, booster=None, callbacks=None,
             colsample_bylevel=None, colsample_bynode=None,
             colsample_bytree=None, device=None, early_stopping_rounds=None,
             enable_categorical=False, eval_metric=None, feature_types=None,
             gamma=None, grow_policy=None, importance_type=None,
             interaction_constraints=None, learning_rate=None, max_bin=None,
             max_cat_threshold=None, max_cat_to_onehot=None,
             max_delta_step=None, max_depth=None, max_leaves=None,
             min_child_weight=None, missing=nan, monotone_constraints=None,
             multi_strategy=None, n_estimators=None, n_jobs=None,
             num_parallel_tree=None, random_state=None, ...), 'colsample_bytree': 1, 'learning_rate': 0.01, 'max_depth': 9, 'n_estimators': 200, 'subsample': 1}",3458203805.168123,32220.03896622184,58780.93056073234,0.9747920606768758,0.9747592098053376
XGBRegressor,"{'regressor': XGBRegressor(base_score=None, booster=None, callbacks=None,
             colsample_bylevel=None, colsample_bynode=None,
             colsample_bytree=None, device=None, early_stopping_rounds=None,
             enable_categorical=False, eval_metric=None, feature_types=None,
             gamma=None, grow_policy=None, importance_type=None,
             interaction_constraints=None, learning_rate=None, max_bin=None,
             max_cat_threshold=None, max_cat_to_onehot=None,
             max_delta_step=None, max_depth=None, max_leaves=None,
             min_child_weight=None, missing=nan, monotone_constraints=None,
             multi_strategy=None, n_estimators=None, n_jobs=None,
             num_parallel_tree=None, random_state=None, ...), 'colsample_bytree': 1, 'learning_rate': 0.1, 'max_depth': 3, 'n_estimators': 100, 'subsample': 0.8}",496414226.7118772,4949.526285791862,22134.836310840106,0.9963909621077306,0.9963862588253084
XGBRegressor,"{'regressor': XGBRegressor(base_score=None, booster=None, callbacks=None,
             colsample_bylevel=None, colsample_bynode=None,
             colsample_bytree=None, device=None, early_stopping_rounds=None,
             enable_categorical=False, eval_metric=None, feature_types=None,
             gamma=None, grow_policy=None, importance_type=None,
             interaction_constraints=None, learning_rate=None, max_bin=None,
             max_cat_threshold=None, max_cat_to_onehot=None,
             max_delta_step=None, max_depth=None, max_leaves=None,
             min_child_weight=None, missing=nan, monotone_constraints=None,
             multi_strategy=None, n_estimators=None, n_jobs=None,
             num_parallel_tree=None, random_state=None, ...), 'colsample_bytree': 1, 'learning_rate': 0.1, 'max_depth': 3, 'n_estimators': 100, 'subsample': 1}",717261120.0299103,5269.891676897224,26542.138797097654,0.9948023197778773,0.9947955462053939
XGBRegressor,"{'regressor': XGBRegressor(base_score=None, booster=None, callbacks=None,
             colsample_bylevel=None, colsample_bynode=None,
             colsample_bytree=None, device=None, early_stopping_rounds=None,
             enable_categorical=False, eval_metric=None, feature_types=None,
             gamma=None, grow_policy=None, importance_type=None,
             interaction_constraints=None, learning_rate=None, max_bin=None,
             max_cat_threshold=None, max_cat_to_onehot=None,
             max_delta_step=None, max_depth=None, max_leaves=None,
             min_child_weight=None, missing=nan, monotone_constraints=None,
             multi_strategy=None, n_estimators=None, n_jobs=None,
             num_parallel_tree=None, random_state=None, ...), 'colsample_bytree': 1, 'learning_rate': 0.1, 'max_depth': 3, 'n_estimators': 200, 'subsample': 0.8}",135518025.34718543,4118.478964442286,11610.816349100503,0.9990117161656087,0.9990104282367398
XGBRegressor,"{'regressor': XGBRegressor(base_score=None, booster=None, callbacks=None,
             colsample_bylevel=None, colsample_bynode=None,
             colsample_bytree=None, device=None, early_stopping_rounds=None,
             enable_categorical=False, eval_metric=None, feature_types=None,
             gamma=None, grow_policy=None, importance_type=None,
             interaction_constraints=None, learning_rate=None, max_bin=None,
             max_cat_threshold=None, max_cat_to_onehot=None,
             max_delta_step=None, max_depth=None, max_leaves=None,
             min_child_weight=None, missing=nan, monotone_constraints=None,
             multi_strategy=None, n_estimators=None, n_jobs=None,
             num_parallel_tree=None, random_state=None, ...), 'colsample_bytree': 1, 'learning_rate': 0.1, 'max_depth': 3, 'n_estimators': 200, 'subsample': 1}",244157220.57474098,4494.973558132749,15533.770934607319,0.9982257908726359,0.9982234787368105
XGBRegressor,"{'regressor': XGBRegressor(base_score=None, booster=None, callbacks=None,
             colsample_bylevel=None, colsample_bynode=None,
             colsample_bytree=None, device=None, early_stopping_rounds=None,
             enable_categorical=False, eval_metric=None, feature_types=None,
             gamma=None, grow_policy=None, importance_type=None,
             interaction_constraints=None, learning_rate=None, max_bin=None,
             max_cat_threshold=None, max_cat_to_onehot=None,
             max_delta_step=None, max_depth=None, max_leaves=None,
             min_child_weight=None, missing=nan, monotone_constraints=None,
             multi_strategy=None, n_estimators=None, n_jobs=None,
             num_parallel_tree=None, random_state=None, ...), 'colsample_bytree': 1, 'learning_rate': 0.1, 'max_depth': 6, 'n_estimators': 100, 'subsample': 0.8}",27073900.205238424,1938.5446114462036,5199.295555348097,0.9998020949719525,0.9998018370627122
XGBRegressor,"{'regressor': XGBRegressor(base_score=None, booster=None, callbacks=None,
             colsample_bylevel=None, colsample_bynode=None,
             colsample_bytree=None, device=None, early_stopping_rounds=None,
             enable_categorical=False, eval_metric=None, feature_types=None,
             gamma=None, grow_policy=None, importance_type=None,
             interaction_constraints=None, learning_rate=None, max_bin=None,
             max_cat_threshold=None, max_cat_to_onehot=None,
             max_delta_step=None, max_depth=None, max_leaves=None,
             min_child_weight=None, missing=nan, monotone_constraints=None,
             multi_strategy=None, n_estimators=None, n_jobs=None,
             num_parallel_tree=None, random_state=None, ...), 'colsample_bytree': 1, 'learning_rate': 0.1, 'max_depth': 6, 'n_estimators': 100, 'subsample': 1}",30919064.812884785,2001.4219268618913,5557.150800006615,0.9997738589766938,0.9997735642705784
XGBRegressor,"{'regressor': XGBRegressor(base_score=None, booster=None, callbacks=None,
             colsample_bylevel=None, colsample_bynode=None,
             colsample_bytree=None, device=None, early_stopping_rounds=None,
             enable_categorical=False, eval_metric=None, feature_types=None,
             gamma=None, grow_policy=None, importance_type=None,
             interaction_constraints=None, learning_rate=None, max_bin=None,
             max_cat_threshold=None, max_cat_to_onehot=None,
             max_delta_step=None, max_depth=None, max_leaves=None,
             min_child_weight=None, missing=nan, monotone_constraints=None,
             multi_strategy=None, n_estimators=None, n_jobs=None,
             num_parallel_tree=None, random_state=None, ...), 'colsample_bytree': 1, 'learning_rate': 0.1, 'max_depth': 6, 'n_estimators': 200, 'subsample': 0.8}",5219600.388656841,1319.6023451966753,2283.9094777578707,0.9999619223176829,0.9999618726950079
XGBRegressor,"{'regressor': XGBRegressor(base_score=None, booster=None, callbacks=None,
             colsample_bylevel=None, colsample_bynode=None,
             colsample_bytree=None, device=None, early_stopping_rounds=None,
             enable_categorical=False, eval_metric=None, feature_types=None,
             gamma=None, grow_policy=None, importance_type=None,
             interaction_constraints=None, learning_rate=None, max_bin=None,
             max_cat_threshold=None, max_cat_to_onehot=None,
             max_delta_step=None, max_depth=None, max_leaves=None,
             min_child_weight=None, missing=nan, monotone_constraints=None,
             multi_strategy=None, n_estimators=None, n_jobs=None,
             num_parallel_tree=None, random_state=None, ...), 'colsample_bytree': 1, 'learning_rate': 0.1, 'max_depth': 6, 'n_estimators': 200, 'subsample': 1}",7274090.382187558,1415.971843466216,2694.986068083951,0.9999469954226997,0.9999469263474283
XGBRegressor,"{'regressor': XGBRegressor(base_score=None, booster=None, callbacks=None,
             colsample_bylevel=None, colsample_bynode=None,
             colsample_bytree=None, device=None, early_stopping_rounds=None,
             enable_categorical=False, eval_metric=None, feature_types=None,
             gamma=None, grow_policy=None, importance_type=None,
             interaction_constraints=None, learning_rate=None, max_bin=None,
             max_cat_threshold=None, max_cat_to_onehot=None,
             max_delta_step=None, max_depth=None, max_leaves=None,
             min_child_weight=None, missing=nan, monotone_constraints=None,
             multi_strategy=None, n_estimators=None, n_jobs=None,
             num_parallel_tree=None, random_state=None, ...), 'colsample_bytree': 1, 'learning_rate': 0.1, 'max_depth': 9, 'n_estimators': 100, 'subsample': 0.8}",4661631.779329574,1147.7717523650076,2157.1095724320826,0.9999660412587517,0.9999659970038867
XGBRegressor,"{'regressor': XGBRegressor(base_score=None, booster=None, callbacks=None,
             colsample_bylevel=None, colsample_bynode=None,
             colsample_bytree=None, device=None, early_stopping_rounds=None,
             enable_categorical=False, eval_metric=None, feature_types=None,
             gamma=None, grow_policy=None, importance_type=None,
             interaction_constraints=None, learning_rate=None, max_bin=None,
             max_cat_threshold=None, max_cat_to_onehot=None,
             max_delta_step=None, max_depth=None, max_leaves=None,
             min_child_weight=None, missing=nan, monotone_constraints=None,
             multi_strategy=None, n_estimators=None, n_jobs=None,
             num_parallel_tree=None, random_state=None, ...), 'colsample_bytree': 1, 'learning_rate': 0.1, 'max_depth': 9, 'n_estimators': 100, 'subsample': 1}",3791445.8860710366,1127.4724639137335,1946.581581478357,0.9999723276587575,0.9999722915962552
XGBRegressor,"{'regressor': XGBRegressor(base_score=None, booster=None, callbacks=None,
             colsample_bylevel=None, colsample_bynode=None,
             colsample_bytree=None, device=None, early_stopping_rounds=None,
             enable_categorical=False, eval_metric=None, feature_types=None,
             gamma=None, grow_policy=None, importance_type=None,
             interaction_constraints=None, learning_rate=None, max_bin=None,
             max_cat_threshold=None, max_cat_to_onehot=None,
             max_delta_step=None, max_depth=None, max_leaves=None,
             min_child_weight=None, missing=nan, monotone_constraints=None,
             multi_strategy=None, n_estimators=None, n_jobs=None,
             num_parallel_tree=None, random_state=None, ...), 'colsample_bytree': 1, 'learning_rate': 0.1, 'max_depth': 9, 'n_estimators': 200, 'subsample': 0.8}",934734.3516424469,718.0080659648313,966.5080409134691,0.9999931800346044,0.9999931711468559
XGBRegressor,"{'regressor': XGBRegressor(base_score=None, booster=None, callbacks=None,
             colsample_bylevel=None, colsample_bynode=None,
             colsample_bytree=None, device=None, early_stopping_rounds=None,
             enable_categorical=False, eval_metric=None, feature_types=None,
             gamma=None, grow_policy=None, importance_type=None,
             interaction_constraints=None, learning_rate=None, max_bin=None,
             max_cat_threshold=None, max_cat_to_onehot=None,
             max_delta_step=None, max_depth=None, max_leaves=None,
             min_child_weight=None, missing=nan, monotone_constraints=None,
             multi_strategy=None, n_estimators=None, n_jobs=None,
             num_parallel_tree=None, random_state=None, ...), 'colsample_bytree': 1, 'learning_rate': 0.1, 'max_depth': 9, 'n_estimators': 200, 'subsample': 1}",1139340.9142825725,758.3484320552814,1066.1362680799834,0.9999916862083286,0.9999916753738282
